{"cameraMode":{"drawMode":0,"name":"Shaded","section":"Shading Mode"},"sceneLighting":false,"audioPlay":false,"sceneViewState":{"m_AlwaysRefresh":false,"showFog":true,"showSkybox":false,"showFlares":true,"showImageEffects":true,"showParticleSystems":true,"showVisualEffectGraphs":true,"m_FxEnabled":true},"in2DMode":false,"pivot":{"x":-0.23125243186950684,"y":-0.018263697624206544,"z":0.029931247234344484},"rotation":{"x":-0.16948844492435456,"y":0.8074023723602295,"z":-0.27818968892097475,"w":-0.4919169247150421},"size":0.5095083713531494,"orthographic":false}