{"cameraMode":{"drawMode":0,"name":"Shaded","section":"Shading Mode"},"sceneLighting":true,"audioPlay":false,"sceneViewState":{"m_AlwaysRefresh":false,"showFog":true,"showSkybox":true,"showFlares":true,"showImageEffects":true,"showParticleSystems":true,"showVisualEffectGraphs":true,"m_FxEnabled":true},"in2DMode":false,"pivot":{"x":8.070770263671875,"y":-0.1610698699951172,"z":4.640471935272217},"rotation":{"x":-0.5661070942878723,"y":0.007911317981779576,"z":-0.005433180835098028,"w":-0.8242709040641785},"size":10.219568252563477,"orthographic":false}