{"cameraMode":{"drawMode":0,"name":"Shaded","section":"Shading Mode"},"sceneLighting":true,"audioPlay":false,"sceneViewState":{"m_AlwaysRefresh":false,"showFog":true,"showSkybox":true,"showFlares":true,"showImageEffects":true,"showParticleSystems":true,"showVisualEffectGraphs":true,"m_FxEnabled":true},"in2DMode":false,"pivot":{"x":-6.2475128173828129,"y":254.17930603027345,"z":-88.67157745361328},"rotation":{"x":-0.5661070942878723,"y":0.007911317981779576,"z":-0.005433180835098028,"w":-0.8242709040641785},"size":39.73241424560547,"orthographic":false}