{"cameraMode":{"drawMode":0,"name":"Shaded","section":"Shading Mode"},"sceneLighting":true,"audioPlay":false,"sceneViewState":{"m_AlwaysRefresh":false,"showFog":true,"showSkybox":true,"showFlares":true,"showImageEffects":true,"showParticleSystems":true,"showVisualEffectGraphs":true,"m_FxEnabled":true},"in2DMode":false,"pivot":{"x":1.7659626007080079,"y":-28.841659545898439,"z":-10.26544189453125},"rotation":{"x":-0.037522654980421069,"y":0.9244518876075745,"z":-0.3674226403236389,"w":-0.0943310484290123},"size":27.595243453979493,"orthographic":false}