{"cameraMode":{"drawMode":0,"name":"Shaded","section":"Shading Mode"},"sceneLighting":true,"audioPlay":false,"sceneViewState":{"m_AlwaysRefresh":false,"showFog":true,"showSkybox":true,"showFlares":true,"showImageEffects":true,"showParticleSystems":true,"showVisualEffectGraphs":true,"m_FxEnabled":true},"in2DMode":false,"pivot":{"x":3.031357765197754,"y":-16.290369033813478,"z":10.509125709533692},"rotation":{"x":0.38282355666160586,"y":-0.3960168957710266,"z":0.18634897470474244,"w":0.8135738968849182},"size":19.033761978149415,"orthographic":false}