{"cameraMode":{"drawMode":0,"name":"Shaded","section":"Shading Mode"},"sceneLighting":true,"audioPlay":false,"sceneViewState":{"m_AlwaysRefresh":false,"showFog":true,"showSkybox":true,"showFlares":true,"showImageEffects":true,"showParticleSystems":true,"showVisualEffectGraphs":true,"m_FxEnabled":true},"in2DMode":false,"pivot":{"x":8.588695526123047,"y":-0.16848039627075196,"z":11.780227661132813},"rotation":{"x":-0.09236335009336472,"y":0.9065273404121399,"z":-0.31386423110961916,"w":-0.2667711079120636},"size":4.312214374542236,"orthographic":false}