{"cameraMode":{"drawMode":0,"name":"Shaded","section":"Shading Mode"},"sceneLighting":true,"audioPlay":false,"sceneViewState":{"m_AlwaysRefresh":false,"showFog":true,"showSkybox":true,"showFlares":true,"showImageEffects":true,"showParticleSystems":true,"showVisualEffectGraphs":true,"m_FxEnabled":true},"in2DMode":false,"pivot":{"x":-20.414880752563478,"y":1.5711350440979005,"z":-2.308469772338867},"rotation":{"x":0.0067578270100057129,"y":0.9397673606872559,"z":-0.3412427306175232,"w":0.018610648810863496},"size":1.4536372423171998,"orthographic":false}