{"cameraMode":{"drawMode":0,"name":"Shaded","section":"Shading Mode"},"sceneLighting":true,"audioPlay":false,"sceneViewState":{"m_AlwaysRefresh":false,"showFog":true,"showSkybox":true,"showFlares":true,"showImageEffects":true,"showParticleSystems":true,"showVisualEffectGraphs":true,"m_FxEnabled":true},"in2DMode":false,"pivot":{"x":-142.66551208496095,"y":-202.09852600097657,"z":-337.5613708496094},"rotation":{"x":-0.050709377974271777,"y":0.9478837847709656,"z":-0.24740532040596009,"w":-0.19431981444358827},"size":264.9478454589844,"orthographic":false}