{"cameraMode":{"drawMode":0,"name":"Shaded","section":"Shading Mode"},"sceneLighting":false,"audioPlay":false,"sceneViewState":{"m_AlwaysRefresh":false,"showFog":true,"showSkybox":false,"showFlares":true,"showImageEffects":true,"showParticleSystems":true,"showVisualEffectGraphs":true,"m_FxEnabled":true},"in2DMode":false,"pivot":{"x":0.053086042404174808,"y":1.3232676982879639,"z":17.151687622070314},"rotation":{"x":0.021080665290355684,"y":-0.9351511001586914,"z":0.05646675452589989,"w":0.3491065204143524},"size":1.3459925651550294,"orthographic":false}