{"cameraMode":{"drawMode":0,"name":"Shaded","section":"Shading Mode"},"sceneLighting":false,"audioPlay":false,"sceneViewState":{"m_AlwaysRefresh":false,"showFog":true,"showSkybox":false,"showFlares":true,"showImageEffects":true,"showParticleSystems":true,"showVisualEffectGraphs":true,"m_FxEnabled":true},"in2DMode":false,"pivot":{"x":-2.1030328273773195,"y":0.12466172128915787,"z":-0.591386616230011},"rotation":{"x":-0.000012378244719002396,"y":0.9999426603317261,"z":0.0011905409628525377,"w":0.010800423100590706},"size":0.5095974206924439,"orthographic":false}