{"cameraMode":{"drawMode":0,"name":"Shaded","section":"Shading Mode"},"sceneLighting":false,"audioPlay":false,"sceneViewState":{"m_AlwaysRefresh":false,"showFog":true,"showSkybox":false,"showFlares":true,"showImageEffects":true,"showParticleSystems":true,"showVisualEffectGraphs":true,"m_FxEnabled":true},"in2DMode":false,"pivot":{"x":-0.43938571214675906,"y":-0.28392255306243899,"z":-0.810329258441925},"rotation":{"x":0.037096671760082248,"y":-0.9627942442893982,"z":0.19648149609565736,"w":0.181778222322464},"size":0.8481689095497131,"orthographic":false}