{"cameraMode":{"drawMode":0,"name":"Shaded","section":"Shading Mode"},"sceneLighting":false,"audioPlay":false,"sceneViewState":{"m_AlwaysRefresh":false,"showFog":true,"showSkybox":false,"showFlares":true,"showImageEffects":true,"showParticleSystems":true,"showVisualEffectGraphs":true,"m_FxEnabled":true},"in2DMode":false,"pivot":{"x":-21.53333854675293,"y":1.0512936115264893,"z":-2.1415646076202394},"rotation":{"x":0.23363693058490754,"y":0.6588404774665833,"z":-0.2270020693540573,"w":0.6780970096588135},"size":0.28606486320495608,"orthographic":false}