{"cameraMode":{"drawMode":0,"name":"Shaded","section":"Shading Mode"},"sceneLighting":false,"audioPlay":false,"sceneViewState":{"m_AlwaysRefresh":false,"showFog":true,"showSkybox":false,"showFlares":true,"showImageEffects":true,"showParticleSystems":true,"showVisualEffectGraphs":true,"m_FxEnabled":true},"in2DMode":false,"pivot":{"x":-0.07255321741104126,"y":0.1435469388961792,"z":0.029862502589821817},"rotation":{"x":0.03194930776953697,"y":-0.9680532813072205,"z":0.17496539652347566,"w":0.17676256597042085},"size":0.39244723320007326,"orthographic":false}