{"cameraMode":{"drawMode":0,"name":"Shaded","section":"Shading Mode"},"sceneLighting":false,"audioPlay":false,"sceneViewState":{"m_AlwaysRefresh":false,"showFog":true,"showSkybox":false,"showFlares":true,"showImageEffects":true,"showParticleSystems":true,"showVisualEffectGraphs":true,"m_FxEnabled":true},"in2DMode":false,"pivot":{"x":-0.5796620845794678,"y":1.3458627462387086,"z":-9.10172176361084},"rotation":{"x":0.0008124003652483225,"y":-0.8936938643455505,"z":0.0016168499132618309,"w":0.4486866593360901},"size":1.9766327142715455,"orthographic":false}